delta.,p_value,alpha,ci.lower,ci.upper
0.09305391771488469,0,0.05,-0.030611242138364803,0.02978413259958068
